{
  "Flat": {
    "method": "flat",
    "dataset": "cast2019",
    "avg_query_time_ms": 8001.861337995831,
    "search_ms_total": 3832891.5809000027,
    "MRR@10": 0.8157996146435451,
    "NDCG@3": 0.5501201879338208,
    "NDCG@10": 0.5019895591117057,
    "num_queries": 173
  }
}