{
  "Flat": {
    "method": "flat",
    "dataset": "cast2019",
    "avg_query_time_ms": 12429.526573824643,
    "search_ms_total": 5953743.228862004,
    "MRR@10": 0.8082186439122854,
    "NDCG@3": 0.5289143185094359,
    "NDCG@10": 0.4929421849394221,
    "num_queries": 173
  }
}