{
  "Flat": {
    "method": "flat",
    "avg_query_time_ms": 158.1016314470662,
    "search_ms_total": 75730.68146314472,
    "MRR@10": 0.8082186439122854,
    "NDCG@3": 0.5289143185094359,
    "NDCG@10": 0.4929421849394221,
    "num_queries": 173
  }
}