{
  "Flat": {
    "method": "flat",
    "dataset": "cast2020",
    "avg_query_time_ms": 42459.16446987982,
    "search_ms_total": 8831506.209735002,
    "MRR@10": 0.7650545634920634,
    "NDCG@3": 0.4742105655344183,
    "NDCG@10": 0.463125101681957,
    "num_queries": 208
  }
}