{
  "Flat": {
    "method": "flat",
    "dataset": "cast2020",
    "avg_query_time_ms": 35347.855067826946,
    "search_ms_total": 7352353.854108005,
    "MRR@10": 0.7885206807081807,
    "NDCG@3": 0.5064531058004776,
    "NDCG@10": 0.47408695062930317,
    "num_queries": 208
  }
}